use lab1;
insert into departamento (id, nombreDepartamento) values ('1','Amazonas');
insert into departamento (id, nombreDepartamento) values ('2','Antioquia');
insert into departamento (id, nombreDepartamento) values ('3','Arauca');
insert into departamento (id, nombreDepartamento) values ('4','Atlantico');
insert into departamento (id, nombreDepartamento) values ('5','Bolivar');
insert into departamento (id, nombreDepartamento) values ('6','Boyaca');
insert into departamento (id, nombreDepartamento) values ('7','Caldas');
insert into departamento (id, nombreDepartamento) values ('8','Caqueta');
insert into departamento (id, nombreDepartamento) values ('9','Casanare');
insert into departamento (id, nombreDepartamento) values ('10','Cauca');
insert into departamento (id, nombreDepartamento) values ('11','Cesar');
insert into departamento (id, nombreDepartamento) values ('12','Choco');
insert into departamento (id, nombreDepartamento) values ('13','Cordoba');
insert into departamento (id, nombreDepartamento) values ('14','Cundinamarca');
insert into departamento (id, nombreDepartamento) values ('15','Guainia');
insert into departamento (id, nombreDepartamento) values ('16','Guaviare');
insert into departamento (id, nombreDepartamento) values ('17','Huila');
insert into departamento (id, nombreDepartamento) values ('18','La Guajira');
insert into departamento (id, nombreDepartamento) values ('19','Magdalena');
insert into departamento (id, nombreDepartamento) values ('20','Meta');
insert into departamento (id, nombreDepartamento) values ('21','Narino');
insert into departamento (id, nombreDepartamento) values ('22','Norte de Santander');
insert into departamento (id, nombreDepartamento) values ('23','Putumayo');
insert into departamento (id, nombreDepartamento) values ('24','Quindio');
insert into departamento (id, nombreDepartamento) values ('25','Risaralda');
insert into departamento (id, nombreDepartamento) values ('26','San Andres y Providencia');
insert into departamento (id, nombreDepartamento) values ('27','Santander');
insert into departamento (id, nombreDepartamento) values ('28','Sucre');
insert into departamento (id, nombreDepartamento) values ('29','Tolima');
insert into departamento (id, nombreDepartamento) values ('30','Valle del Cauca');
insert into departamento (id, nombreDepartamento) values ('31','Vaupes');
insert into departamento (id, nombreDepartamento) values ('32','Vichada');

use lab1;
INSERT INTO Persona (id,nombre, apellido, sexo, edad, telefono, vivienda, responsable) VALUES (1,'Persona 1', 'Apellido 1',1, 30, 1234567890,1,0);
INSERT INTO Persona (id,nombre, apellido, sexo, edad, telefono, vivienda, responsable) VALUES (2,'Persona 2', 'Apellido 2',2, 24, 1234237890,2,0);
INSERT INTO Persona (id,nombre, apellido, sexo, edad, telefono, vivienda, responsable) VALUES (3,'Persona 3', 'Apellido 3',2, 31, 1234367890,3,0);
INSERT INTO Persona (id,nombre, apellido, sexo, edad, telefono, vivienda, responsable) VALUES (4,'Persona 4', 'Apellido 4',2, 32, 1234545890,4,0);
INSERT INTO Persona (id,nombre, apellido, sexo, edad, telefono, vivienda, responsable) VALUES (5,'Persona 5', 'Apellido 5',2, 35, 1234515890,5,0);
INSERT INTO Persona (id,nombre, apellido, sexo, edad, telefono, vivienda, responsable) VALUES (6,'Persona 6', 'Apellido 6',1, 24, 1234545890,6,0);
INSERT INTO Persona (id,nombre, apellido, sexo, edad, telefono, vivienda, responsable) VALUES (7,'Persona 7', 'Apellido 7',1, 25, 1234568990,7,0);
INSERT INTO Persona (id,nombre, apellido, sexo, edad, telefono, vivienda, responsable) VALUES (8,'Persona 8', 'Apellido 8',1, 36, 1234569890,8,0);
INSERT INTO Persona (id,nombre, apellido, sexo, edad, telefono, vivienda, responsable) VALUES (9,'Persona 9', 'Apellido 9',0, 45, 1234563690,9,0);
INSERT INTO Persona (id,nombre, apellido, sexo, edad, telefono, vivienda, responsable) VALUES (10,'Persona 10', 'Apellido 10',1, 25, 1237267890,10,0);

use lab1;
INSERT INTO Municipio (id, nombre, area, presupuesto, gobernador,departamento) VALUES (1,'Municipio 1', 100.0, 1000000, 1, 1);
INSERT INTO Municipio (id, nombre, area, presupuesto, gobernador,departamento) VALUES (2,'Municipio 2', 100.0, 100000, 2, 12);
INSERT INTO Municipio (id, nombre, area, presupuesto, gobernador,departamento) VALUES (3,'Municipio 3', 100.0, 1003000, 3, 13);
INSERT INTO Municipio (id, nombre, area, presupuesto, gobernador,departamento) VALUES (4,'Municipio 4', 100.0, 103000, 4, 14);
INSERT INTO Municipio (id, nombre, area, presupuesto, gobernador,departamento) VALUES (5,'Municipio 5', 100.0, 1001000, 5, 15);
INSERT INTO Municipio (id, nombre, area, presupuesto, gobernador,departamento) VALUES (6,'Municipio 6', 100.0, 1000500, 6, 16);
INSERT INTO Municipio (id, nombre, area, presupuesto, gobernador,departamento) VALUES (7,'Municipio 7', 100.0, 1000400, 7, 17);
INSERT INTO Municipio (id, nombre, area, presupuesto, gobernador,departamento) VALUES (8,'Municipio 8', 100.0, 1004000, 8, 18);
INSERT INTO Municipio (id, nombre, area, presupuesto, gobernador,departamento) VALUES (9,'Municipio 9', 100.0, 1005000, 9, 19);
INSERT INTO Municipio (id, nombre, area, presupuesto, gobernador,departamento) VALUES (10,'Municipio 10', 100.0, 1006000, 10, 20);

use lab1;
INSERT INTO Vivienda (id, direccion ,capacidad, niveles, municipio, dueño) VALUES (1,'Direccion 1', 4, 1, 1,1);
INSERT INTO Vivienda (id, direccion ,capacidad, niveles, municipio, dueño) VALUES (2,'Direccion 2', 5, 2, 2,2);
INSERT INTO Vivienda (id, direccion ,capacidad, niveles, municipio, dueño) VALUES (3,'Direccion 3', 3, 1, 3,3);
INSERT INTO Vivienda (id, direccion ,capacidad, niveles, municipio, dueño) VALUES (4,'Direccion 4', 4, 1, 4,4);
INSERT INTO Vivienda (id, direccion ,capacidad, niveles, municipio, dueño) VALUES (5,'Direccion 5', 6, 2, 5,5);
INSERT INTO Vivienda (id, direccion ,capacidad, niveles, municipio, dueño) VALUES (6,'Direccion 6', 7, 3, 6,6);
INSERT INTO Vivienda (id, direccion ,capacidad, niveles, municipio, dueño) VALUES (7,'Direccion 7', 4, 3, 7,7);
INSERT INTO Vivienda (id, direccion ,capacidad, niveles, municipio, dueño) VALUES (8,'Direccion 8', 3, 1, 8,8);
INSERT INTO Vivienda (id, direccion ,capacidad, niveles, municipio, dueño) VALUES (9,'Direccion 9', 2, 1, 9,9);
INSERT INTO Vivienda (id, direccion ,capacidad, niveles, municipio, dueño) VALUES (10,'Direccion 10', 4, 2, 10,10);

use lab1;
INSERT INTO Persona_has_vivienda (Persona_id, Vivienda_id) VALUES (1, 1);
INSERT INTO Persona_has_vivienda (Persona_id, Vivienda_id) VALUES (2, 2);
INSERT INTO Persona_has_vivienda (Persona_id, Vivienda_id) VALUES (3, 3);
INSERT INTO Persona_has_vivienda (Persona_id, Vivienda_id) VALUES (4, 4);
INSERT INTO Persona_has_vivienda (Persona_id, Vivienda_id) VALUES (5, 5);
INSERT INTO Persona_has_vivienda (Persona_id, Vivienda_id) VALUES (6, 6);
INSERT INTO Persona_has_vivienda (Persona_id, Vivienda_id) VALUES (7, 7);
INSERT INTO Persona_has_vivienda (Persona_id, Vivienda_id) VALUES (8, 8);
INSERT INTO Persona_has_vivienda (Persona_id, Vivienda_id) VALUES (9, 9);
INSERT INTO Persona_has_vivienda (Persona_id, Vivienda_id) VALUES (10, 10);